,Clasificador,Approach,Accuracy,Matthews,Configuracion,Procesado,Visualizacion
0,Multiclase,Decision Tree,0.4888888888888889,0.23838107750608745,0.27586206896551724,0.5882352941176471,0.5925925925925926
1,Multiclase,GaussianNB,0.4888888888888889,0.2753781303372984,0.26666666666666666,0.6206896551724138,0.23529411764705882
2,Multiclase,MLPClassifier,0.37777777777777777,0.14384911389218763,0.35294117647058826,0.0,0.5090909090909091
3,Multiclase,RandomForestClassifier,0.6444444444444445,0.5000469197204618,0.6060606060606061,0.8,0.5185185185185186
