,Approach,Accuracy,Matthews,Configuracion,Procesado,Visualizacion
0,Decision Tree,0.5333333333333333,0.30357142857142855,0.42857142857142855,0.7096774193548386,0.45161290322580644
1,GaussianNB,0.35555555555555557,0.125,0.0,0.5090909090909091,0.21052631578947367
2,MLPClassifier,0.37777777777777777,0.008723289472485664,0.0,0.0,0.5573770491803279
3,RandomForestClassifier,0.6666666666666666,0.525492427485561,0.5161290322580646,0.7878787878787878,0.6923076923076924
