,Clasificador,Approach,Accuracy,Matthews,Configuracion,Procesado,Visualizacion
0,Bag of words,DecisionTreeCLassifier,0.6052631578947368,0.4433322386871818,0.5806451612903226,0.7857142857142856,0.3529411764705882
1,Bag of words,MLPCLassifier,0.6052631578947368,0.4227849902783785,0.23529411764705882,0.7407407407407408,0.6875
2,Bag of words,RandomForest,0.6052631578947368,0.4783992466758938,0.5882352941176471,0.8571428571428571,0.14285714285714288
